,date,shcode,obv
155,20190424,000080,4393838.0
205,20190708,000140,4946222.0
220,20190729,000140,8821829.0
149,20190416,000150,163206.0
219,20190726,000150,-478045.0
227,20191106,000230,2793226.0
165,20190510,000300,45784950.0
218,20190725,000390,4048064.0
228,20190903,000400,7289426.0
105,20190212,000430,7665693.0
115,20190226,000430,16725526.0
154,20190423,000885,2087446.0
159,20190430,000885,1840304.0
244,20190927,000885,3144900.0
140,20190403,000890,753522718.0
168,20190515,000890,806293136.0
171,20190520,000890,891980513.0
230,20190905,000890,1062392663.0
87,20190114,000910,18462837.0
88,20190115,000910,26137004.0
166,20190513,000910,40422828.0
172,20190521,000910,43741605.0
173,20190522,000910,57928161.0
174,20190523,000910,84874375.0
228,20190808,000910,94748316.0
229,20190809,000910,106408212.0
230,20190812,000910,119979814.0
191,20190618,000970,9497351.0
192,20190619,000970,18598255.0
194,20190621,000970,30264605.0
152,20190419,000990,-5186919.0
153,20190422,001045,769797.0
125,20190313,001140,3611916.0
128,20190318,001140,3819807.0
192,20190619,001140,20310789.0
226,20191105,001140,69315343.0
226,20191105,001210,10628328.0
228,20191107,001210,19837316.0
182,20190604,001340,28151296.0
236,20190917,001340,43892573.0
155,20190424,001360,22979067.0
241,20190828,001360,68005489.0
234,20191016,001360,123759950.0
245,20191031,001360,187357835.0
246,20191101,001360,244885784.0
229,20191205,001360,282015633.0
63,20181206,001380,24963273.0
106,20190213,001380,111709268.0
187,20190612,001380,140616127.0
189,20190614,001380,153723239.0
244,20190927,001440,-60484211.0
86,20190111,001550,7468866.0
87,20190114,001550,9977646.0
163,20190508,001550,12803704.0
170,20190517,001550,14821714.0
80,20190103,001740,21310146.0
149,20190416,001740,65977421.0
151,20190418,001745,505015.0
243,20190830,001770,854211.0
238,20190919,001790,1726628.0
239,20190920,001790,2747097.0
211,20190716,001820,1062205.0
230,20190905,001820,4703113.0
204,20190705,002020,611649.0
237,20190822,002020,2580528.0
232,20191014,002020,3172472.0
218,20190725,002070,3681622.0
219,20190726,002070,5856010.0
236,20191018,002070,10737336.0
237,20191021,002070,13199598.0
238,20191022,002070,15577486.0
61,20181204,002100,19409580.0
87,20190114,002100,34844422.0
146,20190411,002100,83036167.0
163,20190508,002100,91128001.0
170,20190517,002100,97315437.0
192,20190619,002100,101689098.0
235,20190916,002100,103388471.0
186,20190611,002140,40025018.0
187,20190612,002140,59084236.0
194,20190621,002140,110638309.0
201,20190702,002140,128307279.0
234,20190819,002140,148133323.0
235,20190820,002140,162388072.0
230,20190905,002140,201679946.0
230,20191111,002140,302754386.0
68,20181213,002150,14732570.0
89,20190116,002150,25906197.0
97,20190128,002150,41880806.0
95,20190124,002210,-4726952.0
156,20190425,002210,11428968.0
158,20190429,002210,21816775.0
159,20190430,002210,40786060.0
189,20190614,002210,33834940.0
197,20190626,002210,40174058.0
243,20190926,002210,69020199.0
143,20190408,002320,1770890.0
89,20190116,002360,27482581.0
148,20190415,002360,77364757.0
235,20190916,002360,317913853.0
227,20190807,002450,33569440.0
155,20190424,002630,167072261.0
165,20190510,002630,279511420.0
120,20190306,002700,52892992.0
165,20190510,002700,182207970.0
171,20190520,002700,308062856.0
135,20190327,002720,7564805.0
174,20190523,002720,8104477.0
236,20190917,002720,19135598.0
233,20191114,002720,37460544.0
234,20190911,002760,50213976.0
239,20190920,002760,87430421.0
161,20190503,002780,25104473.0
186,20190611,002780,34345783.0
89,20190116,002900,45798152.0
135,20190327,002990,-1529086.0
147,20190412,002990,4072033.0
149,20190416,002990,18717869.0
151,20190418,002995,757758.0
179,20190530,002995,1512048.0
229,20191108,002995,2592991.0
86,20190111,003010,40849812.0
90,20190117,003010,57818421.0
173,20190522,003010,69999269.0
141,20190404,003060,4812157.0
229,20191008,003060,66994385.0
230,20191010,003060,122054623.0
236,20191119,003060,329199271.0
158,20190429,003160,14007375.0
83,20190108,003230,-285843.0
234,20191115,003280,95289897.0
235,20191118,003280,159148081.0
230,20190812,003350,4756844.0
244,20190927,003350,6908417.0
244,20191129,003350,8819403.0
148,20190415,003490,27314518.0
144,20190409,003495,2542842.0
145,20190410,003495,4186400.0
147,20190412,003495,6350241.0
100,20190131,003520,9517214.0
153,20190422,003535,16371390.0
104,20190211,003560,75893282.0
230,20191111,003560,129828771.0
237,20191021,003580,18048672.0
238,20191022,003580,30849926.0
234,20191115,003580,90588119.0
132,20190322,003850,10758681.0
187,20190612,004060,208369518.0
188,20190613,004060,345530036.0
71,20181218,004100,17547263.0
72,20181219,004100,31837387.0
86,20190111,004100,65110174.0
88,20190115,004100,89557364.0
227,20191106,004100,113180407.0
227,20191203,004100,105911826.0
104,20190211,004140,40684372.0
149,20190416,004140,51473360.0
61,20181204,004270,19935314.0
162,20190507,004270,59544519.0
167,20190514,004270,88428417.0
168,20190515,004270,122799742.0
195,20190624,004270,155541285.0
230,20190812,004270,203426185.0
240,20190827,004270,281449040.0
146,20190411,004310,24438653.0
211,20190716,004310,52104775.0
236,20190821,004310,76064093.0
133,20190325,004380,3759875.0
107,20190214,004410,242706951.0
202,20190703,004430,1483455.0
227,20190807,004540,34848716.0
231,20190813,004710,5097110.0
241,20191126,004710,9349476.0
81,20190104,004720,10584638.0
101,20190201,004770,55856532.0
173,20190522,004770,106882053.0
232,20190909,004770,145568741.0
199,20190628,004830,18870620.0
203,20190704,004830,32659744.0
205,20190708,004830,41377109.0
236,20190821,004870,18785921.0
237,20190822,004870,50810907.0
229,20190904,004870,63053557.0
99,20190130,004980,16358481.0
153,20190422,00499K,974180.0
229,20191008,005070,9421879.0
240,20191024,005070,12477520.0
230,20191206,005070,10725446.0
63,20181206,005110,106457113.0
110,20190219,005110,170559029.0
111,20190220,005110,220909867.0
113,20190222,005110,297873336.0
195,20190624,005110,408706656.0
235,20190916,005110,426131570.0
237,20190918,005110,491213460.0
196,20190625,005320,28217171.0
197,20190626,005320,55379002.0
203,20190704,005360,14557415.0
204,20190705,005360,41943478.0
205,20190708,005360,83697068.0
210,20190715,005360,103922540.0
238,20191121,005360,263670115.0
204,20190705,005390,80581851.0
205,20190708,005390,193944568.0
236,20191018,005390,433388780.0
238,20191121,005390,545210267.0
98,20190129,005420,7289884.0
95,20190124,005690,6760626.0
96,20190125,005690,13984257.0
212,20190717,005690,2095777.0
223,20190801,005690,12925986.0
239,20191023,005690,27378169.0
103,20190208,005740,4248217.0
106,20190213,005740,6075309.0
196,20190625,005740,10680117.0
222,20190731,005740,15053810.0
225,20190805,005745,2830188.0
232,20190814,006090,2929631.0
233,20190816,006090,9205079.0
234,20190819,006090,17193600.0
243,20190926,006090,29449942.0
242,20191127,006120,2811719.0
242,20191127,006125,6416480.0
245,20191031,006280,114072.0
85,20190110,006340,64724935.0
99,20190130,006390,231136.0
85,20190110,006490,10660832.0
200,20190701,006490,4481005.0
228,20191107,006490,98304949.0
229,20191108,006490,175842220.0
228,20191107,006840,342809.0
198,20190627,006880,10014587.0
201,20190702,006880,16814977.0
120,20190306,006890,16362472.0
146,20190411,006890,29287606.0
216,20190723,006890,46861269.0
129,20190319,006980,17210947.0
154,20190423,006980,70118574.0
235,20190916,006980,118761092.0
236,20190917,006980,138593377.0
242,20190925,006980,192665151.0
64,20181207,007110,22140942.0
100,20190131,007110,93197412.0
101,20190201,007110,145400492.0
102,20190207,007110,187385230.0
192,20190619,007110,406208084.0
195,20190624,007110,446450341.0
233,20190910,007110,530530527.0
72,20181219,007210,7406347.0
233,20190910,007210,40876880.0
122,20190308,007460,-32757746.0
141,20190404,007460,57987641.0
142,20190405,007460,141362475.0
235,20190820,007460,233587424.0
229,20191008,007460,274565210.0
230,20191010,007460,340040962.0
236,20191119,007460,448957397.0
241,20191126,007460,571508178.0
164,20190509,007540,7592881.0
225,20190805,007540,11997656.0
226,20190806,007540,12911856.0
133,20190325,007630,-32666536.0
196,20190625,007660,25394348.0
242,20191028,007660,15293067.0
102,20190207,007700,-827394.0
108,20190215,007700,1163315.0
236,20191018,007810,6990647.0
112,20190221,008040,33139536.0
158,20190429,008060,9313743.0
172,20190521,008060,14069898.0
169,20190516,008350,899964435.0
232,20191014,008350,925874222.0
243,20191029,008350,945118849.0
230,20191111,008350,829167652.0
232,20191113,008350,864632782.0
169,20190516,008355,4848100.0
230,20191111,008355,2763131.0
82,20190107,008420,14084419.0
105,20190212,008420,39463825.0
189,20190614,008420,49401696.0
236,20191018,008600,128366135.0
237,20191021,008600,204947012.0
156,20190425,008700,37581887.0
161,20190503,008700,108261348.0
218,20190725,008730,3758267.0
219,20190726,008730,12408480.0
228,20190903,008730,22806434.0
242,20190829,008775,1273005.0
195,20190624,008970,81164988.0
105,20190212,009070,17915331.0
179,20190530,009160,13563154.0
80,20190103,009270,57523410.0
89,20190116,009270,125749437.0
170,20190517,009270,148517779.0
200,20190701,009270,172310320.0
158,20190429,009290,3245955.0
195,20190624,009290,27166398.0
234,20191115,009310,17254150.0
67,20181212,009320,20926160.0
68,20181213,009320,37586901.0
91,20190118,009320,97605233.0
92,20190121,009320,120116264.0
130,20190320,009320,132926620.0
190,20190617,009320,182325628.0
213,20190718,009320,201437534.0
241,20190924,009320,245354854.0
94,20190123,009410,-2279658.0
176,20190527,009410,3359787.0
74,20181221,009420,2109426.0
228,20191007,009420,8909768.0
122,20190308,009450,1826270.0
87,20190114,009460,461883415.0
98,20190129,009460,561459475.0
169,20190516,009460,742915118.0
230,20191111,009460,453189830.0
72,20181219,009470,1447770.0
212,20190717,009470,8315163.0
91,20190118,009680,6663567.0
125,20190313,009680,11594354.0
186,20190611,009810,98244100.0
192,20190619,009830,20022695.0
232,20191113,009830,16945939.0
150,20190417,009835,2024681.0
152,20190419,009835,3123004.0
153,20190422,009835,4614849.0
61,20181204,010040,88277819.0
86,20190111,010040,115184083.0
87,20190114,010040,130705449.0
88,20190115,010040,147447472.0
227,20191004,010040,127977503.0
231,20190906,010100,32496817.0
232,20190909,010100,75577293.0
238,20190919,010100,111730739.0
68,20181213,010140,44084942.0
133,20190405,010400,27690223.0
197,20190626,010420,23446763.0
198,20190627,010420,41003420.0
196,20190625,010600,-8704222.0
197,20190626,010600,856753.0
200,20190701,010600,11910058.0
175,20190524,010660,8266213.0
198,20190627,010660,59419317.0
206,20190709,010660,87876024.0
229,20190904,010660,325801794.0
91,20190118,010770,28663519.0
191,20190618,010770,31879539.0
127,20190315,010820,23949656.0
240,20190923,010820,13186630.0
97,20190128,011000,1080497.0
73,20181220,011090,48307856.0
84,20190109,011090,74348096.0
233,20191015,011090,158205179.0
235,20191017,011090,186265099.0
149,20190416,011150,12696118.0
153,20190422,011150,60454267.0
227,20190807,011150,120031014.0
232,20190814,011150,182400050.0
153,20190422,011200,32621456.0
162,20190507,011280,38464547.0
163,20190508,011280,65845966.0
231,20190813,011280,87623954.0
129,20190319,011330,60711818.0
172,20190521,011330,106900686.0
233,20190910,011390,1084232.0
234,20190911,011390,1667781.0
216,20190723,011420,23731222.0
209,20190712,011700,26427317.0
150,20190417,011785,987008.0
105,20190212,012160,66992189.0
109,20190218,012160,61827857.0
192,20190619,012170,213307323.0
197,20190626,012170,565505821.0
244,20191129,012200,10557974.0
231,20190813,012450,6178524.0
155,20190424,012510,264827.0
239,20191023,012510,454689.0
200,20190701,012610,8401090.0
203,20190704,012610,12810472.0
219,20190726,012610,42858936.0
220,20190729,012610,78134470.0
231,20191112,012630,3253429.0
118,20190304,012690,67795996.0
134,20190326,012690,81881852.0
223,20190801,012690,80076287.0
225,20190805,012690,89378780.0
226,20190806,012690,112455406.0
157,20190426,012800,59783817.0
164,20190509,012800,117625140.0
165,20190510,012800,178334472.0
167,20190514,012800,262656150.0
229,20191205,012800,547364090.0
63,20181206,013000,62964445.0
99,20190130,013000,134548840.0
234,20190911,013000,171052128.0
230,20191111,013000,153181682.0
237,20191120,013000,162659461.0
230,20191206,013000,123530221.0
102,20190207,013360,42238771.0
100,20190131,013700,63493500.0
124,20190312,013700,87138626.0
72,20181219,013870,10149676.0
149,20190416,014130,11127263.0
152,20190419,014130,15333048.0
153,20190422,014130,24147276.0
159,20190430,014130,33231320.0
70,20181217,014160,46605113.0
71,20181218,014160,79659859.0
81,20190104,014160,121132722.0
126,20190314,014280,1387201.0
194,20190621,014280,5210031.0
235,20190916,014530,12215295.0
180,20190531,014580,33901045.0
181,20190603,014580,41337344.0
182,20190604,014580,68905258.0
184,20190607,014580,95616768.0
229,20190809,014580,137335648.0
237,20190918,014580,156119907.0
239,20190920,014580,189555736.0
234,20190911,014790,8889476.0
151,20190418,014820,2375494.0
87,20190114,014910,29847066.0
80,20190103,014990,51085165.0
81,20190104,014990,77327509.0
170,20190517,014990,79868125.0
171,20190520,014990,101892846.0
200,20190701,014990,106487137.0
201,20190702,014990,135241159.0
235,20191118,015590,64430340.0
227,20191106,015760,9235081.0
92,20190121,015860,7218744.0
230,20191206,015860,16660744.0
131,20190321,016740,24419312.0
121,20190307,016880,29598659.0
233,20190910,017040,12671857.0
161,20190503,017180,25124966.0
239,20191023,017180,34639073.0
246,20191101,017180,50165092.0
157,20190426,017550,84663808.0
234,20190911,017550,68769287.0
228,20191107,017550,146935444.0
230,20191206,017550,151716049.0
128,20190318,017900,25707429.0
125,20190313,017940,519458.0
230,20190812,018250,-6143935.0
125,20190313,018670,499769.0
138,20190401,019170,26770863.0
159,20190430,019170,35112087.0
239,20191023,019170,15893411.0
225,20191104,019170,21162188.0
226,20191105,019170,27695602.0
201,20190702,020120,26143179.0
210,20190715,020120,35367251.0
146,20190411,020560,40567753.0
147,20190412,020560,105174862.0
149,20190416,020560,236486987.0
179,20190530,020560,243808371.0
234,20190819,020560,264205920.0
225,20191104,020560,248054264.0
229,20191108,020560,263687333.0
231,20191112,020560,369375406.0
157,20190426,021050,49298399.0
164,20190509,021050,66156767.0
165,20190510,021050,118020032.0
167,20190514,021050,154780459.0
235,20191118,021050,267774834.0
238,20191121,021050,301548303.0
226,20191202,021050,339548180.0
89,20190116,023350,35097883.0
71,20181218,023800,4855106.0
92,20190121,023800,21630768.0
192,20190619,025560,152732482.0
193,20190620,025560,561968369.0
217,20190724,025560,569848005.0
237,20191021,025560,789440247.0
111,20190220,025620,-594513.0
245,20191031,025620,8966088.0
229,20191108,025620,15811000.0
164,20190509,025820,88432941.0
165,20190510,025820,116341121.0
87,20190114,025860,1594356.0
96,20190125,026890,319957152.0
124,20190312,026890,348454515.0
183,20190605,026890,379256400.0
240,20190827,026890,402960641.0
236,20190917,026890,426511047.0
226,20191105,026940,22842381.0
230,20191111,026940,32029997.0
151,20190418,027740,147418396.0
153,20190422,027740,451119214.0
180,20190531,027740,514563027.0
187,20190612,027740,597036761.0
237,20190918,027740,701954847.0
239,20190920,027740,800831499.0
241,20190924,027740,891286152.0
244,20191030,028050,-1972103.0
99,20190130,028100,3947292.0
155,20190424,030720,12158851.0
226,20190806,030720,12868711.0
232,20190814,030720,23513532.0
142,20190405,030790,52325083.0
144,20190409,030790,129241226.0
190,20190617,031820,142030429.0
241,20191025,031820,38961303.0
232,20191113,031820,93024865.0
242,20191028,032350,-1709172.0
89,20190116,032560,3243764.0
83,20190108,033180,43574706.0
132,20190322,033180,31089865.0
246,20191001,033180,18389313.0
227,20191004,033180,57157162.0
232,20191014,033180,103394644.0
233,20191015,033180,227580846.0
236,20191018,033180,333325983.0
241,20191025,033240,3859223.0
145,20190410,033250,46755786.0
181,20190603,033250,109707389.0
238,20190919,033250,111059526.0
239,20190920,033250,135950917.0
240,20190923,033250,171880972.0
227,20190807,033920,3158303.0
178,20190529,034300,804327.0
241,20191126,03473K,736542.0
242,20191127,03473K,1721503.0
233,20191114,035420,4860449.0
149,20190416,035720,2632174.0
236,20190917,036580,805016.0
242,20190925,036580,7736531.0
244,20191129,037270,23363965.0
103,20190208,037560,13399391.0
239,20190826,037560,10227107.0
243,20190830,037560,12884437.0
231,20191112,039570,220354.0
171,20190520,044380,92113166.0
235,20190916,047040,-17592904.0
160,20190502,047400,41450833.0
165,20190510,047400,64356080.0
172,20190521,047400,79224240.0
99,20190130,051630,43495063.0
89,20190116,053690,16367744.0
101,20190201,053690,18486615.0
61,20181204,058730,6883484.0
91,20190118,058730,16089936.0
100,20190131,058730,19147274.0
89,20190116,058860,12460650.0
187,20190612,064350,26918692.0
84,20190109,068290,9662339.0
85,20190110,068290,18669666.0
90,20190117,068290,30381811.0
116,20190227,068290,32678738.0
173,20190522,068290,42478091.0
238,20191022,068290,39014528.0
239,20191023,068290,45839784.0
240,20191024,068290,53573391.0
226,20191202,068290,57833381.0
102,20190207,069620,-52029.0
243,20190830,069620,-415785.0
227,20190807,069640,5889647.0
105,20190212,069730,10280358.0
106,20190213,069730,20347235.0
173,20190522,069730,23490214.0
184,20190607,069730,27330497.0
100,20190131,070960,10357121.0
101,20190201,070960,34833875.0
120,20190306,071840,363868.0
106,20190213,071950,41129976.0
140,20190403,071950,50268509.0
196,20190625,071950,74865021.0
232,20191113,071970,20887839.0
234,20191115,071970,26051217.0
71,20181218,072130,7404324.0
230,20191111,072130,9907598.0
236,20191119,072130,18319198.0
148,20190415,073240,-2749105.0
103,20190208,074610,10367403.0
172,20190521,074610,9964252.0
173,20190522,074610,21892634.0
192,20190619,074610,59933442.0
246,20191001,074610,106962831.0
230,20191010,074610,118222297.0
246,20191101,074610,171177512.0
242,20190925,077500,6669322.0
111,20190220,078520,13366067.0
110,20190219,079160,-1506192.0
105,20190212,079440,472455.0
67,20181212,081000,1942278.0
72,20181219,081000,7339404.0
96,20190125,081000,16905845.0
190,20190617,081000,13321890.0
213,20190718,081000,18783934.0
62,20181205,084680,38160070.0
169,20190516,084680,107270211.0
186,20190611,084680,139572781.0
195,20190624,084680,158103738.0
227,20190807,084680,164345099.0
243,20191029,084680,250271163.0
226,20190806,084870,26412772.0
72,20181219,085310,28578198.0
98,20190129,085310,87230797.0
231,20191112,089470,15259832.0
147,20190412,089590,2063787.0
65,20181210,090080,36190440.0
67,20181212,090080,53691388.0
91,20190118,090080,113719178.0
229,20190904,090080,105390649.0
144,20190409,090370,30457114.0
244,20191030,090430,9255899.0
112,20190221,091810,122636.0
236,20190821,091810,9795430.0
231,20191112,091810,15193631.0
165,20190510,092220,272840168.0
91,20190118,092780,7869825.0
92,20190121,092780,13754101.0
142,20190405,093230,173642373.0
144,20190409,093230,228667087.0
185,20190610,093230,350718520.0
186,20190611,093230,525452650.0
190,20190617,093230,747464213.0
211,20190716,093230,1263629403.0
131,20190321,093370,-11437938.0
200,20190701,093370,-9541706.0
202,20190703,093370,13034174.0
208,20190711,093370,59774679.0
210,20190715,093370,90742895.0
211,20190716,093370,165576049.0
123,20190311,095720,32070437.0
232,20191014,095720,74797453.0
211,20190716,096760,5453924.0
89,20190116,097230,-3349081.0
94,20190123,097230,25987528.0
95,20190124,097230,69680179.0
154,20190423,097230,64512293.0
167,20190514,100220,4404897.0
73,20181220,101140,10442400.0
245,20191031,101140,23432166.0
246,20191101,101140,29614278.0
95,20190124,101530,1822404.0
221,20190730,102280,115906874.0
225,20190805,102280,124833154.0
228,20191007,102460,4734590.0
111,20190220,103140,122353.0
230,20191206,103590,8489547.0
102,20190207,105840,13674408.0
237,20190822,105840,22783877.0
240,20191125,105840,23124654.0
169,20190516,111770,2140917.0
226,20191105,115390,-989267.0
122,20190308,119650,16295888.0
150,20190417,119650,39878601.0
151,20190418,119650,51702874.0
94,20190123,123690,7214404.0
228,20190808,123690,14540040.0
230,20190812,123690,17114422.0
244,20191129,123690,26627484.0
226,20191202,123690,33959130.0
170,20190517,129260,11316723.0
81,20190104,133820,23470444.0
113,20190222,133820,49757819.0
114,20190225,133820,60598370.0
157,20190426,133820,71839532.0
214,20190719,138490,10428456.0
91,20190118,144620,27745485.0
109,20190218,155660,11936772.0
173,20190522,155660,6870435.0
184,20190607,155660,12133436.0
177,20190528,161000,7022648.0
226,20191105,161390,-2068315.0
107,20190214,161890,93437.0
143,20190408,180640,9938143.0
145,20190410,180640,5017472.0
144,20190409,18064K,1769921.0
145,20190410,18064K,2321127.0
147,20190412,18064K,3061904.0
149,20190416,18064K,4315104.0
101,20190201,181710,907718.0
107,20190214,181710,1553696.0
155,20190424,192080,689599.0
32,20190429,192650,22401836.0
245,20191031,192820,-1967298.0
142,20190405,200880,10922363.0
219,20190726,204320,5046038.0
66,20181211,207940,1561147.0
239,20191023,207940,2676710.0
238,20191121,214330,13937917.0
152,20190419,214420,18389806.0
244,20191129,214420,15186361.0
108,20190215,226320,1023703.0
244,20190927,227840,-1109528.0
135,20190327,234080,561907.0
233,20191114,241590,4199799.0
227,20191106,249420,4479431.0
103,20190208,251270,1831012.0
226,20190806,26490K,5301731.0
92,20190411,267850,8347284.0
93,20190412,267850,14447466.0
125,20190530,267850,24043066.0
128,20190604,267850,28923999.0
180,20190819,267850,37732568.0
229,20191108,267850,34746606.0
230,20191111,267850,43723285.0
81,20190104,271980,5489414.0
189,20190614,271980,5722118.0
148,20190415,272450,9933469.0
159,20190430,281820,4532547.0
169,20190516,284740,364961.0
242,20191127,285130,1742558.0
243,20191128,285130,7134169.0
239,20191122,28513K,1300718.0
240,20191125,28513K,2635654.0
242,20191127,28513K,1892308.0
69,20190411,298690,53827837.0
70,20190412,298690,96384981.0
71,20190415,298690,115485610.0
75,20190419,298690,144802691.0
102,20190530,298690,159340824.0
126,20190704,298690,212363454.0
157,20190819,298690,246355983.0
212,20191108,298690,275127836.0
214,20191112,298690,352679712.0
1,20191021,336260,22290534.0
235,20190916,500019,3145012.0
154,20190423,000440,2681800.0
236,20190917,000440,8775301.0
238,20191121,001000,26792221.0
135,20190327,001540,5147839.0
236,20190821,001540,7955413.0
232,20190909,001540,14005424.0
83,20190108,001840,10831865.0
246,20191001,002290,12725322.0
112,20190221,002680,8463010.0
141,20190404,002800,18185289.0
228,20191107,002800,12748703.0
111,20190220,003310,46871716.0
227,20191106,003310,105719843.0
241,20191126,004780,12786798.0
209,20190712,005160,18777442.0
200,20190701,005290,18913371.0
202,20190703,005290,53907987.0
205,20190708,005290,63551966.0
241,20191025,005290,96917805.0
129,20190319,005860,61806332.0
154,20190423,005860,168533585.0
236,20190917,005860,216921768.0
242,20190925,005860,244078854.0
231,20191112,006050,56029540.0
62,20181205,006910,19066865.0
102,20190207,006910,42748148.0
125,20190313,006910,49194880.0
236,20190917,006910,60367157.0
99,20190130,006920,8350396.0
238,20191121,007370,13648213.0
90,20190117,007390,217313638.0
97,20190128,007390,233780424.0
177,20190528,007390,249755397.0
198,20190627,007390,255786240.0
228,20191007,007390,82185309.0
239,20191023,007390,100460062.0
242,20191028,007390,107681608.0
89,20190116,007720,25051333.0
90,20190117,007720,53467478.0
230,20191010,008290,8320454.0
233,20191015,008290,14201637.0
136,20190328,008470,7828905.0
86,20190111,009520,146615971.0
94,20190123,009520,188333749.0
201,20190702,009520,207237093.0
231,20190813,009520,214006078.0
199,20190628,009620,13782384.0
227,20190902,009620,28205059.0
229,20190904,009620,34627499.0
66,20181211,009730,26471060.0
109,20190218,010170,10904273.0
144,20190409,010170,8611266.0
160,20190502,010170,52590085.0
189,20190614,010170,87057461.0
242,20190829,010170,78872826.0
70,20181217,010240,17190209.0
71,20181218,010240,27746581.0
106,20190213,010240,53419196.0
171,20190520,010240,54399398.0
230,20190905,010240,50886579.0
236,20190821,010280,28328995.0
233,20191114,010280,39970579.0
236,20191119,010470,5117840.0
68,20181213,011320,13733634.0
71,20181218,011320,44213688.0
133,20190325,011320,118783950.0
190,20190617,011320,139130034.0
135,20190327,011560,1175180.0
91,20190118,012340,45933859.0
205,20190708,012700,6974651.0
220,20190729,012700,24719848.0
239,20191122,012700,41384385.0
232,20191014,012860,39371859.0
101,20190201,013310,45479956.0
102,20190207,013310,63718279.0
105,20190212,013310,86602024.0
213,20190718,013310,123652661.0
90,20190117,013810,14994207.0
127,20190315,013810,24900600.0
228,20191204,013810,43521783.0
230,20191206,013810,35745962.0
226,20190806,013990,18691940.0
237,20191120,013990,48544657.0
223,20190801,014100,6925584.0
226,20190806,014100,13388697.0
228,20190903,014190,56076092.0
239,20190920,014190,74328508.0
101,20190201,014200,24139189.0
173,20190522,014200,22380171.0
113,20190222,014470,25146975.0
114,20190225,014470,52229377.0
179,20190530,014470,54396289.0
181,20190603,014470,71819176.0
190,20190617,014470,74474878.0
191,20190618,014470,117666648.0
226,20191105,014570,18612762.0
195,20190624,014970,29474611.0
196,20190625,014970,36048616.0
197,20190626,014970,45676088.0
216,20190723,014970,67553577.0
218,20190725,014970,76187767.0
239,20190826,014970,111093485.0
242,20191028,014970,116546152.0
106,20190213,015710,3642116.0
229,20191108,016100,8696230.0
148,20190415,016600,38396402.0
235,20191118,016600,108099696.0
77,20181227,016670,10250601.0
103,20190208,016670,42257148.0
104,20190211,016670,70849312.0
171,20190520,016670,127484231.0
217,20190724,016670,215600409.0
244,20191129,016670,280159587.0
87,20190114,016790,6278904.0
152,20190419,016790,8884285.0
154,20190423,016790,12247915.0
236,20190917,016790,14802803.0
87,20190114,017250,34063611.0
84,20190109,017510,9419848.0
231,20191112,018000,12979971.0
179,20190530,018290,4013597.0
150,20190417,018620,38062645.0
151,20190418,018620,62826225.0
180,20190531,018620,120718951.0
181,20190603,018620,138358147.0
237,20190918,018620,152049282.0
239,20190920,018620,157233036.0
243,20190926,018620,205711844.0
246,20191001,018620,234664072.0
231,20191112,018680,21758333.0
240,20191125,018680,27431672.0
177,20190528,018700,31894073.0
199,20190628,019540,24078109.0
206,20190709,019540,48109970.0
207,20190710,019540,75155456.0
238,20190823,019540,166763501.0
106,20190213,019550,36181011.0
61,20181204,019770,23716904.0
97,20190128,019770,50117257.0
116,20190227,019990,14303982.0
195,20190624,019990,17265152.0
71,20181218,022220,8367732.0
236,20191018,023410,17248777.0
193,20190620,023440,45131043.0
243,20191128,023460,25994395.0
202,20190703,023770,4660074.0
203,20190704,023770,6229621.0
206,20190709,023770,9284935.0
65,20181210,023900,2051465.0
67,20181212,023900,10504997.0
190,20190617,023900,26711716.0
196,20190625,023900,34838848.0
213,20190718,023900,52647888.0
89,20190116,024060,28266757.0
90,20190117,024060,42347272.0
93,20190122,024060,62016766.0
134,20190326,024060,84265938.0
154,20190423,024060,108497426.0
155,20190424,024060,128516037.0
161,20190503,024060,146321155.0
162,20190507,024060,170533501.0
189,20190614,024060,199244457.0
192,20190619,024060,209945085.0
236,20190917,024060,265043960.0
74,20181221,024740,20391824.0
127,20190315,024740,64982451.0
239,20190920,024740,104188649.0
193,20190620,024810,275751045.0
235,20190820,024810,408358319.0
63,20181206,024840,12818628.0
84,20190109,024840,34873096.0
125,20190313,024910,75882439.0
123,20190311,024950,5571068.0
210,20190715,024950,18369844.0
242,20191127,024950,21682891.0
72,20181219,025320,48014662.0
91,20190118,025320,91823671.0
237,20190822,025320,222105596.0
243,20191029,025320,204771659.0
243,20190926,025440,-2493332.0
155,20190424,025870,8483225.0
238,20190919,025870,14975661.0
239,20190920,025870,16892168.0
241,20190924,025870,23663929.0
244,20190927,025880,51062834.0
66,20181211,025980,70946120.0
69,20181214,025980,105046264.0
93,20190122,026040,13489088.0
83,20190108,026150,16872629.0
86,20190111,026150,25738094.0
232,20191113,026150,59630005.0
230,20190812,027050,25173085.0
244,20191129,027050,53918708.0
63,20190226,027360,98033979.0
224,20191022,027360,180044057.0
163,20190508,027580,19433201.0
166,20190513,027580,56900293.0
209,20190712,027580,31823984.0
234,20191016,027580,69328949.0
236,20190917,027710,76500343.0
242,20190925,027710,111926149.0
235,20191017,027830,37594884.0
230,20191111,027830,61795615.0
200,20190701,028300,22519365.0
246,20191001,028300,39319775.0
196,20190625,029480,138695319.0
232,20191113,029480,183817360.0
182,20190604,030190,6514645.0
204,20190705,030350,18847869.0
221,20190730,030960,11459509.0
64,20181207,031310,18456259.0
167,20190514,031310,31406075.0
185,20190610,031330,46215150.0
109,20190218,031510,18860152.0
106,20190213,031980,1485537.0
126,20190314,031980,9122097.0
153,20190422,032280,16196557.0
235,20191017,032580,31007318.0
154,20190423,032620,9840245.0
240,20191125,032680,102591528.0
241,20191126,032680,140385498.0
226,20191202,032680,143009410.0
170,20190517,032750,6406080.0
227,20190902,032750,9602027.0
104,20190211,032800,34988538.0
106,20190213,032800,71503720.0
142,20190405,032800,103488463.0
102,20190207,032820,67308218.0
124,20190312,032820,108539526.0
243,20191128,032820,158133895.0
229,20191108,032850,7547710.0
114,20190225,032940,5787742.0
80,20190103,033100,22874010.0
84,20190109,033100,33754102.0
138,20190401,033110,71975381.0
139,20190402,033110,103861933.0
195,20190624,033110,255850185.0
169,20190516,033130,25838178.0
171,20190520,033130,37293908.0
230,20190905,033130,67802807.0
83,20190108,033170,31344228.0
96,20190125,033170,58913721.0
193,20190620,033170,162580163.0
146,20190411,033290,10860453.0
186,20190611,033290,17824908.0
94,20190123,033310,27042711.0
196,20190625,033320,16313763.0
231,20190813,033320,22656369.0
236,20191018,033320,34267159.0
80,20190103,033340,98199159.0
170,20190517,033340,172257545.0
192,20190619,033340,185663312.0
200,20190701,033340,196244891.0
235,20190916,033340,185501234.0
95,20190124,033430,66136146.0
96,20190125,033430,94135636.0
111,20190220,033560,7527792.0
93,20190122,033600,6347715.0
228,20191204,033600,48083417.0
235,20190820,033640,25134493.0
228,20191204,033830,100960770.0
244,20191129,034810,1991435.0
167,20190514,034940,21553958.0
63,20181206,035200,8275289.0
228,20191204,035480,5004724.0
176,20190527,035620,33068154.0
177,20190528,035620,95300439.0
232,20191113,035620,102719543.0
125,20190313,035810,-3627053.0
151,20190418,035810,8008178.0
236,20190917,035810,31674120.0
125,20190313,035890,26288886.0
224,20190802,036030,2644514.0
80,20190103,036090,3399552.0
166,20190513,036090,70242528.0
139,20190402,036120,28467795.0
166,20190513,036120,35516422.0
167,20190514,036120,55732543.0
168,20190515,036120,68378560.0
196,20190625,036120,99498476.0
242,20191028,036120,152697750.0
246,20191101,036120,182470606.0
232,20191014,036170,26763012.0
233,20191015,036170,40470931.0
235,20191017,036170,54575554.0
143,20190408,036180,17869320.0
203,20190704,036180,30462392.0
228,20191204,036180,27189651.0
90,20190117,036200,13074385.0
126,20190314,036200,42852676.0
145,20190410,036200,61670240.0
98,20190129,036480,8725536.0
151,20190418,036480,12552333.0
180,20190531,036480,14482038.0
236,20190917,036480,14991040.0
153,20190422,036540,40037304.0
154,20190423,036540,77323596.0
158,20190429,036540,127140021.0
162,20190507,036540,190451166.0
232,20190814,036540,238632227.0
231,20190906,036630,161841363.0
235,20190916,036640,11822758.0
105,20190212,036810,5404236.0
142,20190405,036810,11235183.0
202,20190703,036830,36715.0
210,20190715,036830,2768114.0
216,20190723,036830,2846081.0
229,20191008,036830,17015065.0
112,20190221,036890,2364684.0
141,20190404,036930,569290.0
227,20190807,036930,5458102.0
228,20190808,036930,18811326.0
134,20190326,037030,13657260.0
152,20190419,037030,27068979.0
234,20190819,037030,23336222.0
239,20190826,037030,42945659.0
240,20190827,037030,65186895.0
120,20190306,037070,9376763.0
134,20190326,037070,18901396.0
135,20190327,037070,26178166.0
176,20190527,037070,35299840.0
177,20190528,037070,50733423.0
199,20190628,037070,58839262.0
202,20190703,037070,69138991.0
246,20191001,037070,84603724.0
88,20190115,037230,16371690.0
111,20190220,037230,25854306.0
118,20190304,037230,44660653.0
136,20190328,037230,49503001.0
137,20190329,037230,74229234.0
239,20191122,037230,109437555.0
240,20191125,037230,118160917.0
206,20190709,037330,50326923.0
210,20190715,037330,92899918.0
65,20181210,037370,24016283.0
92,20190121,037370,33858581.0
168,20190515,037460,6086978.0
185,20190610,037460,15632160.0
157,20190426,037950,180050579.0
82,20190107,038060,22455289.0
241,20190828,038060,35108165.0
196,20190625,038160,2734415.0
197,20190626,038160,9640150.0
241,20190828,038160,35870090.0
104,20190211,038290,1235903.0
190,20190617,038340,-5890651.0
232,20190814,038340,11807950.0
89,20190116,038500,14858691.0
99,20190130,038500,29275248.0
182,20190604,038500,28242878.0
110,20190219,038530,18306696.0
161,20190503,038540,-2882538.0
228,20190808,038540,-38060027.0
229,20190809,038540,-19387101.0
83,20190108,038620,31893819.0
151,20190418,038680,10177992.0
152,20190419,038680,23153977.0
183,20190605,038680,42144627.0
229,20190904,038680,60912667.0
69,20181214,038870,4147966.0
80,20190103,038870,11442346.0
162,20190507,038880,84704922.0
213,20190718,039030,873436.0
97,20190128,039230,20604181.0
121,20190307,039230,37760902.0
122,20190308,039230,57338787.0
84,20190109,039420,11841698.0
172,20190521,039560,7711681.0
230,20190905,039560,14761648.0
240,20190923,039610,13830111.0
191,20190618,039670,62363956.0
84,20190109,039830,6188498.0
89,20190116,039830,2304331.0
92,20190121,039830,3361582.0
176,20190527,039830,-1370592.0
238,20191022,039830,10050463.0
240,20191024,039830,17576931.0
228,20191007,039860,6298572.0
242,20191127,039860,28311178.0
187,20190612,040350,22565568.0
236,20191119,040350,69502723.0
63,20181206,040610,32577295.0
187,20190612,040610,61963285.0
189,20190614,040610,86049793.0
107,20190214,040910,2104400.0
213,20190718,040910,8211618.0
230,20190905,040910,14085190.0
234,20191115,040910,19357240.0
81,20190104,041140,17186672.0
82,20190107,041140,28705967.0
88,20190115,041140,35001304.0
155,20190424,041140,65812545.0
166,20190513,041140,79922326.0
240,20191024,041140,112976939.0
71,20181218,041190,45296797.0
120,20190306,041190,109883463.0
139,20190402,041190,161066727.0
166,20190513,041190,279530621.0
196,20190625,041190,459339239.0
242,20191028,041190,418997325.0
246,20191101,041190,462706106.0
73,20181220,041460,6484830.0
112,20190221,041460,24301932.0
234,20191016,041460,31660891.0
226,20191202,041460,45575581.0
179,20190530,041510,471009.0
232,20191014,041510,-249004.0
245,20191031,041590,10365522.0
225,20191104,041590,28669856.0
229,20191205,041590,46962017.0
230,20191206,041590,71326241.0
230,20191206,041590,71326241.0
108,20190215,041830,985418.0
167,20190514,041830,1833452.0
243,20190926,041910,12767497.0
226,20191105,041910,15210538.0
227,20191106,041910,31787223.0
188,20190613,041920,9239291.0
217,20190724,041920,14750730.0
92,20190121,041930,14933631.0
114,20190225,041930,19437648.0
133,20190325,041930,65170537.0
198,20190627,041930,107541083.0
80,20190103,041960,2227777.0
182,20190604,041960,6750156.0
229,20190809,042000,-3486914.0
109,20190218,042040,47598081.0
135,20190327,042040,78900670.0
219,20190726,042040,131677568.0
226,20191105,042040,168663694.0
227,20191106,042040,222330672.0
79,20190102,042110,41770564.0
107,20190214,042110,111846914.0
228,20191107,042110,108233356.0
89,20190116,042370,8400219.0
153,20190422,042500,12849104.0
112,20190221,042510,12212522.0
150,20190417,042510,74079633.0
242,20191127,042520,2155066.0
114,20190225,042600,4653184.0
167,20190514,042940,14409847.0
245,20190930,043090,24152721.0
92,20190121,043100,129458099.0
98,20190129,043200,16844761.0
185,20190610,043200,35412925.0
239,20191023,043220,151712647.0
240,20191024,043220,235450915.0
241,20191025,043220,338481573.0
243,20191029,043220,459193430.0
125,20190313,043340,69900333.0
213,20190718,043360,9325922.0
102,20190207,043910,65117274.0
140,20190403,043910,87292942.0
240,20190923,044060,9393262.0
232,20191014,044060,16419551.0
120,20190306,044340,12229226.0
123,20190311,044340,19164374.0
143,20190408,044480,3136517.0
165,20190510,044480,5744965.0
239,20190920,044480,10355829.0
243,20190926,044480,13107890.0
197,20190626,044780,16799139.0
98,20190129,044960,7809795.0
151,20190418,044960,18053014.0
180,20190531,044960,41371180.0
181,20190603,044960,68296419.0
182,20190604,044960,97968108.0
237,20190918,044960,121091577.0
239,20190920,044960,130770906.0
232,20191113,044960,128183107.0
235,20191118,044960,135663416.0
93,20190122,045060,24448597.0
101,20190201,045390,243114379.0
233,20190910,045390,267974462.0
123,20190311,045520,9385397.0
67,20181212,045660,2215999.0
170,20190517,045660,12748653.0
171,20190520,045660,19807456.0
101,20190201,045890,55541818.0
210,20190715,045890,76956909.0
212,20190717,045890,112453274.0
240,20191024,045890,111611907.0
101,20190201,046120,45387582.0
102,20190207,046120,62516016.0
209,20190712,046120,87053786.0
237,20190822,046120,93255554.0
109,20190218,046310,13177997.0
149,20190416,046390,56382080.0
91,20190118,046890,10197598.0
241,20191126,046890,-3288705.0
83,20190108,046940,6005463.0
84,20190109,046940,14549618.0
225,20191104,046940,34809797.0
232,20191113,046940,63468947.0
241,20191025,046970,43249484.0
87,20190114,047310,27957160.0
121,20190307,047310,44576363.0
174,20190523,047310,54743949.0
243,20191128,047310,54539911.0
189,20190614,047560,5023094.0
204,20190705,047560,4826964.0
221,20190730,047770,22534937.0
226,20190806,047770,57154185.0
237,20190918,047820,145484552.0
141,20190404,047920,18269190.0
142,20190405,047920,42223490.0
165,20190510,048260,1746897.0
130,20190320,048410,92099832.0
131,20190321,048410,125672331.0
133,20190325,048410,166250630.0
141,20190404,048410,200981347.0
197,20190626,048410,334708842.0
231,20191011,048410,284541973.0
239,20191122,048430,17733879.0
241,20190828,048530,1884200.0
193,20190620,048770,8481425.0
85,20190110,048830,18169927.0
144,20190409,049080,51772560.0
246,20191001,049080,65171075.0
76,20181226,049180,4666863.0
130,20190320,049180,11794582.0
236,20190821,049180,20872619.0
228,20191107,049180,22127244.0
186,20190611,049480,69877762.0
188,20190613,049480,139261705.0
229,20190904,049480,173108125.0
194,20190621,049550,5202278.0
206,20190709,049550,9105821.0
80,20190103,049630,22771303.0
95,20190124,049830,2971202.0
107,20190214,049950,493845.0
154,20190423,049950,-9688.0
169,20190516,050090,45522238.0
245,20191031,050110,69522399.0
99,20190130,050120,25103579.0
100,20190131,050120,72594461.0
103,20190208,050120,120068868.0
165,20190510,050120,214841865.0
174,20190523,050120,293286805.0
234,20191115,050120,383854025.0
228,20191204,050120,484097488.0
87,20190114,050860,7678475.0
89,20190116,050860,10976866.0
105,20190212,050860,33908208.0
168,20190515,050890,48719374.0
229,20190904,050890,109486278.0
189,20190614,051160,21712224.0
150,20190417,051370,8565786.0
151,20190418,051370,11453159.0
241,20191025,051370,19844303.0
114,20190225,051390,9706413.0
226,20191202,052020,1342662.0
234,20191016,052190,20976799.0
235,20191017,052190,36734116.0
131,20190321,052260,5003659.0
242,20191028,052260,8189744.0
239,20191122,052260,19564172.0
240,20191125,052260,33294223.0
242,20191127,052260,45896194.0
227,20191106,052300,136156125.0
228,20191107,052300,290535962.0
206,20190709,052420,39444999.0
207,20190710,052420,65054372.0
233,20190816,052420,68370520.0
239,20190826,052420,89201894.0
242,20190829,052420,117850865.0
243,20190830,052420,192968436.0
226,20191002,052420,345758545.0
237,20191120,052420,675829456.0
176,20190527,052460,17419952.0
186,20190611,052460,25406321.0
134,20190326,052600,22153832.0
143,20190408,052600,40542637.0
149,20190416,052600,50093005.0
98,20190129,052670,26991165.0
100,20190131,052670,48111995.0
151,20190418,052670,80599923.0
180,20190531,052670,99789564.0
236,20190917,052670,96887127.0
239,20190920,052670,115653607.0
243,20190926,052670,158283307.0
244,20191030,052670,262177601.0
243,20191128,052670,341678201.0
230,20191206,052670,417184731.0
74,20181221,052770,3150793.0
239,20191023,052790,7117603.0
203,20190704,052900,44168041.0
205,20190708,052900,45863669.0
234,20190819,052900,217107657.0
81,20190104,053030,4452781.0
119,20190305,053030,7322945.0
228,20191007,053030,3474969.0
176,20190527,053110,43446306.0
92,20190121,053270,45303500.0
85,20190110,053590,13964776.0
167,20190514,053590,43132939.0
93,20190122,053620,2698940.0
95,20190124,053620,4378982.0
121,20190307,053620,7776068.0
91,20190118,053700,8621705.0
237,20191021,053700,13432017.0
232,20190909,053800,2888368.0
76,20181226,054210,12840883.0
94,20190123,054210,24116838.0
169,20190516,054210,45894350.0
236,20190821,054210,73450143.0
84,20190109,054220,4087690.0
90,20190117,054220,79566239.0
110,20190219,054300,36887752.0
111,20190220,054300,81124522.0
116,20190227,054300,149566470.0
201,20190702,054300,230552681.0
203,20190704,054300,260609716.0
235,20190916,054300,326098546.0
237,20190918,054300,340632607.0
181,20190603,054450,6285869.0
194,20190621,054620,6885764.0
156,20190425,054630,83843744.0
188,20190613,054630,123902619.0
235,20190820,054630,134667974.0
236,20190821,054630,158314928.0
182,20190604,054670,7823292.0
236,20190917,054670,13574406.0
146,20190411,054780,132792697.0
148,20190415,054780,213387091.0
244,20190927,054780,333053439.0
233,20191015,054780,344643782.0
112,20190221,054920,8099726.0
90,20190117,054930,3183830.0
115,20190226,054930,5568315.0
159,20190430,054940,35226785.0
160,20190502,054940,82807534.0
163,20190508,054940,155161198.0
164,20190509,054940,239412122.0
191,20190618,054940,308033938.0
209,20190712,054940,405477346.0
235,20191017,054940,810943081.0
236,20191018,056000,17057706.0
133,20190325,056080,10205948.0
241,20191025,056360,17076307.0
168,20190515,056700,38396680.0
169,20190516,056700,52925804.0
224,20190802,056700,87052290.0
72,20181219,057030,15580428.0
73,20181220,057030,25595384.0
104,20190211,057030,46823911.0
171,20190520,057030,86423650.0
172,20190521,057030,97891442.0
230,20190905,057030,108593649.0
233,20190910,057030,129280631.0
107,20190214,057500,8979602.0
203,20190704,057500,34727707.0
211,20190716,057500,68107500.0
240,20191125,057540,68930219.0
140,20190403,057880,22294880.0
185,20190610,058400,33900747.0
186,20190611,058400,107791328.0
234,20190819,058400,143894600.0
235,20190820,058400,194563164.0
233,20190910,058400,381132195.0
244,20191030,058400,591537418.0
62,20181205,058450,21251500.0
109,20190218,058450,50186120.0
125,20190313,058530,34736596.0
94,20190123,058610,1897753.0
130,20190320,058610,9985686.0
80,20190103,058630,25534046.0
201,20190702,058630,51272139.0
204,20190705,058630,59288922.0
244,20191030,058630,97939101.0
97,20190128,058820,60396638.0
214,20190719,058820,91169393.0
231,20191112,058820,131517344.0
232,20191113,058820,212458560.0
66,20181211,059090,19135941.0
92,20190121,059090,74545722.0
96,20190125,059090,119606046.0
190,20190617,059090,96781972.0
241,20190924,059090,102584343.0
172,20190521,059210,4503027.0
225,20191104,059210,15602856.0
207,20190710,060240,5939622.0
208,20190711,060240,14232515.0
209,20190712,060240,22735565.0
229,20191205,060240,36024037.0
149,20190416,060250,2657513.0
190,20190617,060250,5554962.0
63,20181206,060260,36461150.0
114,20190225,060260,61593531.0
191,20190618,060260,111677553.0
192,20190619,060260,130422906.0
205,20190708,060310,14277251.0
175,20190524,060370,9866702.0
177,20190528,060370,21756396.0
228,20191107,060370,37975705.0
236,20191119,060370,56993743.0
237,20191120,060370,68205674.0
98,20190129,060480,42203445.0
99,20190130,060480,54358652.0
103,20190208,060480,73369291.0
104,20190211,060480,89014643.0
157,20190426,060480,116559640.0
99,20190130,060560,39426262.0
141,20190404,060570,9305792.0
237,20190918,060590,10452239.0
184,20190607,060720,5092550.0
234,20191016,060720,12997647.0
240,20191024,060720,20487253.0
180,20190531,061040,8590049.0
246,20191101,061250,12682020.0
70,20181217,061970,43907650.0
71,20181218,061970,74402709.0
102,20190207,061970,63197991.0
109,20190218,061970,101375407.0
194,20190621,061970,347595056.0
149,20190416,063440,16427082.0
150,20190417,063440,56560768.0
233,20191015,063440,95514495.0
129,20190319,064240,3044539.0
138,20190401,064240,7574148.0
140,20190403,064240,17344815.0
144,20190409,064240,33344883.0
198,20190627,064260,26032412.0
230,20190812,064260,86112103.0
228,20191107,064260,128974229.0
101,20190201,064510,37697953.0
234,20190911,064510,34903529.0
230,20191206,064800,160938714.0
148,20190415,064820,13753821.0
231,20190813,064820,4148253.0
72,20181219,065060,168728822.0
235,20191118,065060,166418501.0
168,20190515,065130,6414644.0
119,20190305,065170,13864889.0
150,20190417,065170,33789742.0
117,20190228,065450,33174107.0
120,20190306,065450,42553275.0
121,20190307,065450,78865922.0
165,20190510,065450,186110835.0
237,20190822,065450,170181937.0
237,20191120,065450,211275618.0
164,20190509,065500,76493347.0
165,20190510,065500,154676220.0
136,20190328,065510,7090569.0
144,20190409,065530,74413602.0
145,20190410,065530,93951329.0
150,20190417,065530,146191447.0
228,20190903,065530,283962622.0
239,20191023,065650,12740711.0
238,20191022,065660,751413.0
239,20191023,065660,1477025.0
118,20190304,065950,53219436.0
135,20190327,065950,160063243.0
95,20190124,066130,9660155.0
120,20190306,066130,17419744.0
121,20190307,066130,32516575.0
132,20190322,066130,69723038.0
234,20190911,066130,102644337.0
237,20191021,066130,114601468.0
151,20190418,066310,4953765.0
154,20190423,066360,26915877.0
237,20190822,066360,35267899.0
238,20190823,066360,48931357.0
241,20190828,066360,62352617.0
242,20190829,066360,86930653.0
229,20191108,066360,154612325.0
246,20191101,066410,17216838.0
213,20190718,066430,3415818.0
72,20181219,066590,13178368.0
91,20190118,066590,40481727.0
97,20190128,066590,66986274.0
118,20190304,066700,18345797.0
175,20190524,066910,20464403.0
239,20190826,067170,10658690.0
211,20190716,067290,2907308.0
230,20191206,067290,2523290.0
156,20190425,067310,7574868.0
158,20190429,067310,12061673.0
112,20190221,067390,3819696.0
189,20190614,067390,5994972.0
229,20191008,067390,9092872.0
200,20190701,067630,-935822.0
245,20190930,067630,39360963.0
246,20191001,067630,51778272.0
132,20190322,067900,17079595.0
147,20190412,067990,10434851.0
171,20190520,067990,9535412.0
174,20190523,067990,19354529.0
65,20181210,068050,6071377.0
123,20190311,068330,17244245.0
226,20191105,068330,66081237.0
246,20191001,068760,596169.0
160,20190502,068790,7271329.0
74,20181221,069080,2175917.0
75,20181224,069080,4119809.0
116,20190227,069080,5414476.0
120,20190306,069140,9105707.0
132,20190322,069140,10575457.0
120,20190306,071460,29740718.0
132,20190322,071460,53276485.0
171,20190520,071460,59257867.0
161,20190503,071670,9221291.0
98,20190129,072020,1464924.0
180,20190531,072020,4805937.0
236,20190917,072020,8026097.0
77,20181227,072470,6186410.0
227,20190902,072870,2313134.0
238,20190919,072870,3345771.0
238,20191022,072870,5622118.0
241,20191025,072870,12340093.0
144,20190409,072950,7255031.0
91,20190118,072990,5585817.0
136,20190328,073070,21658033.0
229,20190809,073070,63797698.0
230,20190812,073070,89252643.0
226,20191002,073070,447720900.0
235,20191118,073070,570692112.0
171,20190520,073110,6908742.0
174,20190523,073110,12944519.0
184,20190607,073540,19582647.0
185,20190610,073540,29651884.0
227,20190902,073540,35350599.0
228,20190903,073540,41547694.0
234,20190911,073540,51415858.0
128,20190318,073560,30226115.0
243,20190830,073560,114355464.0
227,20190902,073560,141045372.0
236,20190917,073560,185657751.0
242,20190925,073560,300737687.0
142,20190405,074430,13138254.0
176,20190527,075130,6100486.0
192,20190619,075130,14070985.0
103,20190208,075970,26173749.0
105,20190212,075970,50510821.0
168,20190515,077360,8420793.0
212,20190717,077360,9273123.0
70,20181217,078130,59474250.0
71,20181218,078130,159838212.0
155,20190424,078130,338113930.0
156,20190425,078130,468960170.0
158,20190429,078130,795162499.0
216,20190723,078130,1321491855.0
217,20190724,078130,1470650590.0
230,20190905,078130,1512483624.0
235,20191017,078130,1669308316.0
129,20190319,078140,2254464.0
132,20190322,078140,7275874.0
134,20190326,078140,13096178.0
176,20190527,078150,52098663.0
230,20190905,078150,78462380.0
117,20190228,078160,398287.0
238,20191022,078340,-1452920.0
207,20190710,078590,128113156.0
235,20190820,078590,151730467.0
240,20190923,078590,245648775.0
241,20190924,078590,310416084.0
226,20191002,078590,292347012.0
227,20191203,078590,575037570.0
208,20190711,078600,-1578016.0
225,20191104,078860,22070060.0
99,20190130,079650,15849486.0
207,20190710,079810,13565830.0
169,20190516,079940,3010683.0
242,20190925,079950,12283418.0
234,20191115,079960,4119647.0
129,20190319,079970,-6159086.0
212,20190717,080000,22428876.0
153,20190422,080220,12295561.0
160,20190502,080220,20510150.0
90,20190117,080470,28162289.0
232,20190909,080470,46764203.0
183,20190605,080520,19680357.0
76,20181226,081150,103649955.0
86,20190111,081150,148822718.0
140,20190403,081150,196368243.0
172,20190521,081150,218987584.0
173,20190522,081150,255938483.0
172,20190521,082210,8952760.0
235,20191118,082210,20737152.0
233,20191015,082270,6177855.0
239,20191023,082270,10266186.0
245,20191031,082270,18013080.0
229,20191205,082270,36474594.0
230,20191206,082270,52159847.0
142,20190405,082800,34092112.0
143,20190408,082800,47947355.0
237,20191120,082800,161607781.0
107,20190214,083310,3620152.0
150,20190417,083310,5449855.0
134,20190326,083550,9720597.0
75,20181224,083640,-4989115.0
135,20190327,083640,75623685.0
174,20190523,083640,141399208.0
176,20190527,083640,277544167.0
215,20190722,083640,218303653.0
235,20190820,083640,224264577.0
232,20191014,083640,278224748.0
116,20190227,083650,46700549.0
241,20190828,083790,-2529844.0
145,20190410,084650,10482570.0
228,20191007,084650,14163319.0
233,20191015,084650,18281160.0
239,20191023,084650,29418900.0
242,20191127,085370,9041498.0
111,20190220,085660,20144328.0
232,20191113,085660,-1481586.0
219,20190726,085670,20549910.0
242,20191028,085670,38171768.0
193,20190620,085810,12396356.0
234,20191016,085810,27250793.0
125,20190313,086040,4270352.0
212,20190717,086040,5955014.0
235,20190820,086040,11277566.0
231,20191011,086040,20957186.0
180,20190531,086060,11960666.0
182,20190604,086060,26036969.0
237,20190918,086060,41649102.0
239,20190920,086060,48923187.0
241,20190924,086060,54873012.0
246,20191101,086060,77665150.0
168,20190515,086250,9171313.0
190,20190617,086250,14788966.0
228,20191204,086250,28915621.0
156,20190425,086390,3998679.0
201,20190702,086670,4740135.0
202,20190703,086670,12425770.0
235,20190820,086670,17235324.0
124,20190312,086820,7956007.0
234,20191016,086820,3087680.0
243,20190926,086900,-5461.0
150,20190417,086980,6861556.0
223,20190801,086980,23298674.0
136,20190328,087260,14461542.0
241,20190924,087260,40968615.0
213,20190718,087730,5650999.0
236,20190917,088910,18913966.0
242,20190925,088910,32423901.0
234,20191115,089010,18478955.0
149,20190416,089150,40457460.0
142,20190405,089970,13618381.0
143,20190408,089970,17472445.0
127,20190315,089980,7690787.0
188,20190613,089980,10588076.0
122,20190308,090150,9469976.0
133,20190325,090360,3529566.0
107,20190214,090410,34024834.0
99,20190130,090460,1182856.0
132,20190322,090460,4632865.0
98,20190129,090470,7778988.0
106,20190213,090470,10713285.0
116,20190227,090710,116798291.0
133,20190325,090710,148473243.0
175,20190524,090710,292641576.0
193,20190620,090710,370003277.0
230,20191111,090710,395342781.0
232,20191113,090710,489140159.0
238,20190823,091340,11821763.0
228,20190903,091340,21524122.0
229,20190904,091340,29388588.0
172,20190521,091440,10233141.0
229,20191108,091590,12129036.0
230,20191111,091590,17855739.0
230,20191206,091700,26817187.0
246,20191101,091970,6231381.0
234,20190911,092870,8010220.0
77,20181227,093380,16897529.0
81,20190104,093380,29665940.0
106,20190213,093380,30199925.0
171,20190520,093380,52842648.0
230,20190905,093380,58988603.0
152,20190419,093520,6403327.0
119,20190305,094190,52617946.0
122,20190308,094190,145794534.0
140,20190403,094360,13966213.0
146,20190411,094360,22935335.0
62,20181205,094820,4819926.0
113,20190222,094860,31425606.0
149,20190416,094940,24067403.0
240,20190827,094940,26386627.0
241,20190828,094940,29006860.0
243,20190830,094940,34002116.0
233,20190910,094940,34863095.0
227,20191106,094940,26419604.0
236,20190821,094970,19340655.0
67,20181212,095190,26589271.0
72,20181219,095190,56198427.0
79,20190102,095190,114644466.0
190,20190617,095190,184519894.0
202,20190703,095340,2365802.0
106,20190213,095610,4066425.0
126,20190314,095610,9808108.0
213,20190718,095610,15249504.0
102,20190207,095700,-477206.0
193,20190620,095700,785562.0
193,20190620,096040,254905579.0
195,20190624,096040,144701355.0
194,20190621,096350,110072167.0
196,20190625,096350,174483203.0
234,20191115,096530,7340183.0
124,20190312,096610,4568657.0
156,20190425,096610,15067976.0
204,20190705,096610,24396753.0
91,20190118,096630,53969441.0
116,20190227,096630,110940480.0
234,20191016,096630,154309700.0
232,20191113,096630,167963364.0
172,20190521,096690,163274930.0
87,20190114,097870,7363722.0
203,20190704,098120,23646492.0
205,20190708,098120,27421446.0
214,20190719,099220,41958413.0
245,20190930,099220,67364762.0
243,20191029,099220,83566546.0
225,20191104,099220,132176497.0
230,20191111,099220,144005802.0
107,20190214,099410,12491665.0
138,20190401,099440,17489053.0
206,20190709,099440,27258417.0
147,20190412,100030,2301010.0
149,20190416,100030,3168790.0
58,20190315,100590,94456726.0
75,20190409,100590,110701447.0
97,20190513,100590,137775981.0
177,20190904,100590,147311038.0
74,20181221,100660,28387295.0
185,20190610,100660,65697485.0
206,20190709,100660,73918554.0
207,20190710,100660,86402369.0
211,20190716,100660,104885188.0
234,20190911,100660,123273778.0
240,20190923,100660,145409772.0
231,20190906,101000,17732150.0
170,20190517,101160,5286127.0
224,20190802,101490,19226663.0
243,20191128,101670,45070446.0
100,20190131,102120,8284781.0
115,20190226,102940,2677003.0
140,20190403,102940,1428599.0
204,20190705,102940,8090560.0
237,20190822,102940,6880174.0
239,20190826,102940,17405285.0
230,20191010,102940,20787298.0
121,20190307,104040,91092589.0
85,20190110,104200,2784717.0
155,20190424,104480,225460068.0
169,20190516,104480,240337152.0
230,20191111,104480,212132308.0
91,20190118,105740,8289971.0
126,20190314,105740,12273944.0
231,20191112,106240,26008164.0
233,20191114,106520,61786944.0
90,20190117,108230,-10063462.0
91,20190118,108230,-3042901.0
183,20190605,108230,838428.0
228,20191107,108230,21111789.0
99,20190325,108490,11687470.0
241,20191025,109080,3577106.0
119,20190305,109610,12756292.0
141,20190404,109960,21579569.0
236,20191119,109960,71120621.0
76,20190410,110020,17412732.0
82,20190418,110020,20236777.0
224,20190828,110790,5393113.0
111,20190220,110990,8189257.0
131,20190321,110990,10871474.0
58,20190227,111710,54117134.0
88,20190411,111710,61678250.0
131,20190614,111710,66997206.0
179,20190822,111710,71492201.0
229,20191108,111710,75407785.0
231,20191112,111710,83919125.0
146,20190411,111870,99917205.0
191,20190618,111870,141822184.0
227,20190807,111870,138940590.0
232,20191014,111870,156580640.0
233,20191015,111870,204963782.0
225,20191104,111870,190898043.0
233,20191114,111870,270323791.0
79,20190102,112040,1427161.0
81,20190104,112040,2130559.0
116,20190227,112040,6605184.0
149,20190416,114120,27919829.0
232,20190814,114120,47408054.0
62,20181205,114450,25161910.0
202,20190703,114450,24612308.0
208,20190711,114450,34096278.0
237,20191021,114450,38554210.0
238,20191022,114450,48168565.0
241,20191025,114450,58807812.0
244,20191129,114450,76091065.0
74,20181221,114570,-15169724.0
184,20190607,114570,-2032691.0
236,20190821,114810,4002451.0
189,20190614,115440,13272393.0
233,20190816,115440,16261028.0
230,20190905,115440,22463261.0
241,20191025,115440,31539049.0
242,20191028,115440,45619007.0
165,20190510,115450,-428584.0
242,20191028,115480,19114594.0
112,20190221,115500,9717329.0
69,20181214,117670,11221242.0
155,20190424,117670,11945022.0
207,20190710,117670,12994578.0
227,20191106,117670,8614759.0
40,20190129,117730,6032464.0
41,20190130,117730,7707019.0
48,20190213,117730,12705351.0
241,20190924,118990,16227645.0
236,20190821,119830,4493235.0
225,20191104,120240,9639163.0
227,20191106,120240,15742160.0
139,20190402,121800,7581798.0
166,20190513,121800,8806992.0
167,20190514,121800,14279371.0
196,20190625,121800,26448389.0
197,20190626,121800,53064287.0
242,20191028,121800,59831491.0
227,20191106,121800,64441644.0
233,20191114,121850,19761004.0
92,20190121,122350,19539786.0
97,20190128,122350,29795089.0
96,20190125,122640,2859290.0
107,20190214,122640,7828816.0
234,20191115,122640,15294004.0
239,20190920,122870,-10694772.0
141,20190404,122990,2160646.0
229,20190809,123040,49091872.0
129,20190319,123260,33012264.0
108,20190215,123330,3950292.0
111,20190220,123330,7469950.0
146,20190411,123410,39903376.0
241,20190924,123410,65824520.0
227,20191004,123420,4193012.0
235,20191017,123420,9276496.0
125,20190313,123570,8330254.0
126,20190314,123570,16651155.0
93,20190122,123840,26668572.0
227,20191106,123840,68076050.0
28,20190510,125210,34190508.0
159,20191119,125210,50160172.0
205,20190708,126600,13047036.0
227,20191203,126640,54960038.0
107,20190214,126700,1017409.0
147,20190412,126700,1160343.0
76,20181226,126870,16982483.0
190,20190617,126870,62525636.0
90,20190117,126880,24536335.0
91,20190118,126880,37894521.0
222,20190731,126880,71169071.0
207,20190710,127160,70045809.0
197,20190626,127710,13879663.0
31,20190122,128540,25360060.0
205,20191008,128540,37443615.0
207,20191011,128540,50695729.0
209,20191015,128540,60229065.0
109,20190218,130500,10503486.0
111,20190220,130500,15572043.0
164,20190509,130500,31586265.0
165,20190510,130500,51859298.0
214,20190719,130500,47766329.0
241,20191126,130500,68165886.0
112,20190221,131090,70977706.0
200,20190701,131180,52003328.0
131,20190321,131290,4467410.0
170,20190517,131370,31301482.0
172,20190521,131370,74258550.0
179,20190530,131370,124512523.0
243,20190830,131370,183331053.0
132,20190322,131760,30552699.0
233,20191114,131760,77899783.0
235,20191118,131760,115214241.0
210,20190715,133750,19809856.0
229,20190904,133750,67190211.0
235,20190916,133750,108463645.0
238,20190919,133750,133506018.0
238,20191022,133750,212598613.0
241,20191025,133750,314255743.0
151,20190418,136480,17405105.0
236,20190917,136480,82129896.0
237,20190918,136480,140061251.0
239,20190920,136480,160325315.0
160,20190502,136510,2708449.0
165,20190510,136510,6884658.0
217,20190724,136510,8825776.0
224,20190802,137400,6492052.0
239,20191023,137400,23613638.0
228,20191204,137940,38143868.0
242,20190829,137950,10029064.0
243,20190830,137950,20201441.0
234,20190911,137950,37500921.0
129,20190319,138080,7093576.0
142,20190405,138080,9332051.0
168,20190515,138080,15076785.0
92,20190121,138360,3830292.0
93,20190122,138360,9421057.0
187,20190612,138580,1785543.0
241,20191025,138610,8825710.0
244,20191030,138610,13975282.0
139,20190402,139050,93278080.0
231,20191112,139050,35992095.0
232,20191113,139050,78767280.0
238,20191121,139050,112531651.0
105,20190212,140520,19291051.0
140,20190403,140520,27713442.0
210,20190715,140670,4333510.0
234,20190819,140670,6247607.0
90,20190117,141020,21562836.0
108,20190215,141020,-6619987.0
90,20190117,142280,13685386.0
241,20191025,142280,12081288.0
243,20191029,142280,15965691.0
119,20190305,142760,7788814.0
173,20190522,143160,7498497.0
240,20191125,144510,2844970.0
202,20190703,147760,41816114.0
64,20181207,147830,10178555.0
127,20190315,150840,-5444892.0
128,20190318,150840,5861847.0
240,20191024,150840,45408369.0
51,20190110,153710,59669741.0
208,20190829,153710,68622055.0
87,20190114,154030,57510751.0
89,20190116,154030,61190025.0
95,20190124,154030,73664264.0
142,20190405,154030,103507557.0
163,20190508,154030,113354261.0
186,20190611,154030,120898073.0
235,20190916,154030,115438275.0
159,20190430,154040,6569956.0
163,20190508,154040,22771624.0
164,20190509,154040,37344967.0
171,20190520,159580,9931929.0
169,20190516,160600,7133256.0
215,20190722,160600,9820270.0
218,20190725,160600,10383852.0
220,20190729,160600,13097191.0
223,20190801,160600,21120211.0
234,20191115,161580,16271881.0
140,20190403,166480,1447690.0
145,20190410,168330,626122.0
240,20191024,168330,4751539.0
241,20191025,168330,11723228.0
245,20191031,168330,13983684.0
132,20190322,170030,7126770.0
142,20190405,170030,14551684.0
143,20190408,170030,22865227.0
240,20190923,170030,30497271.0
202,20190703,170920,6752342.0
207,20190710,170920,11802906.0
202,20190703,171010,6278985.0
210,20190715,171010,10646157.0
215,20190722,171010,14772259.0
227,20191004,171010,39245468.0
229,20191008,171010,63353866.0
212,20190717,171090,12385700.0
240,20190827,171090,15164196.0
63,20181206,173130,9685920.0
144,20190409,173130,22354195.0
185,20190610,173130,29309692.0
80,20190103,174880,4153612.0
233,20191114,174880,31346366.0
234,20191115,174880,49805371.0
236,20191119,174880,98290936.0
237,20191120,174880,128784547.0
145,20190410,174900,2091215.0
226,20191105,175250,3119591.0
227,20191106,175250,6139423.0
235,20191118,175250,8908670.0
238,20191121,175250,9825018.0
116,20190227,176440,10961060.0
118,20190304,176440,14336097.0
184,20190607,176440,22219240.0
192,20190619,176440,23907400.0
234,20191016,177350,20646748.0
235,20191017,177350,25767410.0
237,20191021,177350,41121269.0
140,20190403,177830,988265.0
236,20191119,177830,14901239.0
140,20190403,178320,4788806.0
202,20190703,178920,-11824281.0
209,20190712,178920,-10281491.0
50,20190215,179290,69338785.0
61,20190305,179290,82314324.0
130,20190613,179290,166994060.0
160,20190725,179290,179873471.0
111,20190220,179900,9895267.0
208,20190711,179900,17375247.0
72,20181219,180400,9287356.0
79,20190102,180400,10798654.0
86,20190111,180400,16286952.0
104,20190211,180400,30224820.0
229,20191108,182360,18805241.0
230,20191111,182360,28387920.0
245,20191031,183490,871808.0
112,20190221,184230,42252051.0
154,20190423,184230,77488078.0
130,20190320,187220,2890151.0
125,20190313,187270,6196147.0
227,20191106,187420,13516135.0
228,20191107,187420,19867892.0
132,20190322,187790,33005079.0
84,20190109,189860,21903921.0
112,20190221,192250,67221117.0
150,20190417,192250,187335424.0
125,20190313,192440,838264.0
75,20181224,193250,14192970.0
77,20181227,193250,30874647.0
103,20190208,193250,87250282.0
146,20190411,193250,113956020.0
76,20190311,194700,5653204.0
212,20190717,195440,-268781.0
239,20191023,195440,-96139147.0
207,20190710,195990,82043384.0
208,20190711,195990,135292916.0
241,20191025,195990,200702701.0
243,20191029,195990,189999744.0
117,20190228,196170,2345600.0
122,20190308,196170,3547263.0
241,20190828,196170,4695464.0
130,20190320,196300,5295104.0
85,20190110,196450,150708257.0
90,20190117,196450,196774866.0
118,20190304,196450,213571370.0
119,20190305,196450,242859473.0
237,20191021,196450,202591700.0
103,20190208,196700,25766399.0
134,20190326,197210,30102587.0
99,20190130,198440,41428577.0
184,20190607,198440,111399698.0
187,20190612,198440,139497051.0
230,20190812,198440,167161728.0
233,20190816,198440,195982800.0
227,20191106,198440,325169770.0
126,20190314,200230,69020834.0
175,20190524,200230,70897141.0
242,20191028,200230,53627087.0
225,20191104,200230,95068305.0
226,20191105,200230,136481126.0
221,20190730,200710,1823046.0
229,20191108,200780,1417082.0
230,20191111,200780,2838170.0
152,20190419,201490,13370408.0
232,20191014,201490,29378953.0
111,20190220,203650,33087581.0
112,20190221,203650,50459744.0
161,20190503,203650,52243433.0
191,20190618,203650,75901337.0
240,20191024,203650,111783327.0
241,20191025,203650,141581549.0
95,20190124,203690,19920350.0
159,20190430,203690,45668418.0
160,20190502,203690,57601665.0
211,20190716,204020,8609580.0
218,20190725,204020,11174850.0
225,20190805,204020,14213765.0
226,20190806,204020,25676689.0
239,20191023,204020,31187410.0
174,20190523,204630,9154526.0
145,20190410,205100,17798142.0
161,20190503,205470,87580481.0
173,20190522,205470,101115613.0
99,20190130,205500,20780784.0
244,20191030,205500,29779154.0
86,20190111,206560,11498527.0
87,20190114,206560,26315701.0
149,20190416,206560,31102638.0
163,20190508,206650,12510368.0
199,20190628,207760,23648065.0
203,20190704,207760,35501246.0
205,20190708,207760,46933663.0
208,20190711,207760,73929180.0
244,20191030,207760,245284975.0
113,20190222,208140,40973746.0
236,20190917,208140,55238599.0
237,20190918,208140,68573960.0
239,20190920,208140,82785338.0
72,20190312,208340,11876638.0
189,20190828,208340,9354262.0
197,20190626,208350,93511489.0
233,20190910,208350,159892117.0
96,20190125,208640,9592015.0
131,20190321,208640,56341501.0
135,20190327,208860,5412220.0
240,20190923,212560,10936531.0
139,20190402,214150,13184706.0
147,20190412,214150,21094061.0
168,20190515,214150,24981605.0
170,20190517,214150,33874179.0
221,20190730,214150,44773817.0
110,20190219,214270,128956828.0
183,20190605,214270,204313547.0
184,20190607,214270,261726248.0
189,20190614,214270,293765518.0
190,20190617,214270,360467881.0
236,20190821,214270,381467518.0
97,20190128,214680,17302433.0
115,20190226,214680,34377289.0
173,20190522,214680,54239136.0
177,20190528,214680,38104517.0
188,20190613,214680,92509352.0
226,20191202,214680,362824996.0
122,20190308,215090,33553687.0
134,20190326,215090,49460589.0
212,20190717,215090,72818544.0
213,20190718,215090,104190455.0
236,20191018,215090,101144025.0
133,20190325,215100,50569285.0
134,20190326,215100,72828420.0
139,20190402,215100,125186910.0
175,20190524,215100,158012990.0
184,20190607,215100,155904737.0
193,20190620,215100,211989718.0
196,20190625,215100,265561666.0
231,20190813,215100,338230239.0
243,20191029,215100,362828213.0
93,20190122,215380,34434147.0
98,20190129,215380,41774332.0
166,20190513,215380,55415626.0
233,20191015,215380,61177672.0
232,20191113,215380,56220873.0
235,20191118,215380,64928239.0
85,20190110,215480,82112441.0
87,20190114,215480,154565897.0
89,20190116,215480,205819157.0
116,20190227,215480,213137204.0
168,20190515,215480,242383252.0
173,20190522,215480,291898256.0
238,20191022,215480,340054346.0
240,20191024,215480,399462112.0
227,20191106,215480,430293669.0
243,20191128,215480,535427575.0
207,20190710,215600,13012122.0
227,20191004,215600,-103820108.0
228,20191007,215600,-64272582.0
229,20191008,215600,-4235074.0
96,20190125,215790,14721201.0
197,20190626,215790,21815322.0
126,20190314,216050,1367332.0
146,20190411,216050,4216536.0
225,20191024,217330,17610281.0
148,20190415,217480,11605542.0
231,20191011,217480,13559653.0
86,20190111,217500,33952990.0
88,20190115,217500,48945261.0
107,20190214,217500,59989832.0
110,20190219,217500,80836607.0
202,20190703,217500,130856414.0
212,20190717,217600,48594423.0
70,20181217,217730,8036838.0
131,20190321,217820,2009065.0
129,20190319,218150,70917174.0
152,20190419,218150,99734352.0
239,20190826,218150,149662737.0
242,20190829,218150,161575406.0
236,20190917,218150,152992235.0
244,20190927,218150,179492226.0
205,20190708,219130,7373455.0
212,20190717,219130,21548268.0
195,20190624,219420,21026543.0
199,20190628,219420,40049173.0
229,20191108,219550,163717840.0
110,20190312,219750,8772421.0
115,20190319,219750,11678615.0
148,20190415,220180,14316440.0
155,20190424,220260,17514300.0
202,20190703,220260,26161741.0
205,20190708,220260,46480115.0
246,20191001,220260,166171428.0
227,20191004,220260,180396694.0
199,20190628,222080,17239225.0
102,20190207,222420,58043318.0
178,20190529,222420,82932511.0
245,20190930,222420,122437616.0
106,20190213,222810,6092420.0
107,20190214,222810,15904366.0
138,20190401,222810,31065512.0
140,20190403,222810,40967169.0
229,20191108,222810,116111065.0
230,20191111,222810,138803657.0
226,20191202,222980,5008209.0
227,20191203,222980,7296552.0
115,20190226,224060,22010535.0
68,20181213,225430,33122470.0
93,20190122,225430,52182202.0
135,20190327,225430,51062436.0
160,20190502,225430,68637689.0
237,20190918,225430,78097180.0
242,20191028,225430,74994770.0
241,20191126,225430,72758501.0
242,20191127,225430,109952190.0
99,20190130,225530,9449460.0
100,20190131,225530,18647908.0
236,20191018,225530,25357822.0
82,20190107,225570,16683237.0
88,20190115,225570,22056055.0
91,20190118,225570,30835096.0
141,20190404,225570,35942225.0
155,20190424,225570,41255119.0
166,20190513,225570,47047048.0
65,20181210,226340,34756540.0
87,20190114,226340,54427261.0
88,20190115,226340,63405885.0
180,20190531,226340,119287189.0
245,20191031,226340,141398654.0
123,20190311,226350,12769017.0
124,20190312,226350,36860158.0
78,20181228,226360,27792968.0
89,20190116,226360,36233673.0
99,20190130,226360,42561938.0
239,20190920,226360,93956227.0
155,20190424,226440,53579207.0
124,20190312,226950,3508512.0
242,20190829,226950,-980274.0
74,20190308,227100,4282443.0
194,20190621,227610,1803675.0
200,20190701,228340,9361300.0
24,20190430,228760,6437177.0
142,20190405,230240,65674728.0
86,20190111,232140,7661311.0
88,20190115,232140,17918586.0
234,20191115,232140,32756594.0
91,20190118,234100,39557478.0
94,20190123,234100,70998746.0
242,20191127,234100,89917519.0
124,20190312,234300,13172733.0
153,20190422,236200,3966011.0
245,20191031,236200,4644572.0
108,20190215,237880,7236868.0
174,20190523,238090,11110694.0
241,20191025,238090,567204.0
241,20191126,238120,2552653.0
51,20190315,238200,2330211.0
52,20190318,238200,3421311.0
212,20191107,238200,4045065.0
214,20191111,238200,4985921.0
108,20190215,238490,5990940.0
229,20190904,238490,9944896.0
123,20190311,239340,13475359.0
124,20190312,239340,19527081.0
175,20190524,239340,38814855.0
184,20190607,239340,44300669.0
188,20190613,239340,65802039.0
189,20190614,239340,86762399.0
230,20191010,239340,161850553.0
113,20190222,239610,1287522.0
202,20190703,241790,5076661.0
127,20190315,241820,2567833.0
35,20190909,241840,26185612.0
151,20190418,242040,38394523.0
152,20190419,242040,50476590.0
162,20190507,242040,72840578.0
164,20190509,242040,103270067.0
185,20190610,242040,172937214.0
228,20190903,242040,165377970.0
11,20191008,244460,8307600.0
82,20190107,245620,9747953.0
162,20190507,245620,29539283.0
166,20190513,245620,34815235.0
228,20191107,246690,10493845.0
56,20190222,246710,2481232.0
60,20190228,246710,5395730.0
68,20190313,246710,9038074.0
71,20190318,246710,12923736.0
86,20190408,246710,21620333.0
88,20190410,246710,26921210.0
211,20191010,246710,44954009.0
244,20191030,246720,4891931.0
176,20191023,246960,7869736.0
220,20190729,250000,7931448.0
222,20190731,250000,17552491.0
232,20191113,250000,25527944.0
233,20191114,250000,29240885.0
138,20190401,250060,47861383.0
139,20190402,250060,61594603.0
188,20190613,250060,93926345.0
211,20190716,250060,99086624.0
235,20190820,250060,120717659.0
190,20190617,250930,19315359.0
84,20191106,251970,1473765.0
88,20190115,252500,12638141.0
148,20190415,252500,24623024.0
178,20190529,252500,47657195.0
181,20190603,252500,50775031.0
230,20190812,252500,80207857.0
243,20191029,253450,-3036613.0
156,20190425,253590,15414065.0
158,20190429,253590,25418130.0
84,20190927,253840,10825609.0
132,20191206,253840,19145593.0
207,20190710,254120,10187864.0
147,20190412,256630,7341721.0
189,20190614,256630,19715727.0
192,20190619,256630,29064162.0
213,20190718,256630,40429393.0
236,20190821,256840,16172842.0
86,20190123,257370,11778034.0
211,20190726,257370,16341875.0
201,20190702,258610,6264715.0
202,20190703,258610,13521345.0
244,20190927,260660,3585538.0
246,20191001,260660,7162493.0
166,20190513,263540,12201472.0
171,20190520,263540,15675801.0
177,20190528,263540,25001964.0
234,20191016,263540,71751655.0
236,20191018,263540,80234536.0
215,20190722,263600,8537362.0
8,20181204,263690,8209624.0
66,20190305,263690,10789275.0
70,20190311,263690,16724474.0
72,20190313,263690,26910483.0
92,20190410,263690,45771342.0
190,20190830,263690,35586974.0
128,20190318,263700,1832791.0
233,20191114,263700,2324850.0
242,20191127,263700,5221880.0
61,20181204,263800,15242620.0
155,20190424,263800,35926403.0
188,20190613,263800,52804882.0
231,20190906,263800,78463263.0
230,20191206,263800,61870278.0
226,20191202,263810,13012800.0
228,20191204,263810,21541365.0
168,20190515,264450,1043818.0
235,20190820,264660,9917116.0
97,20190128,265520,1920499.0
234,20190819,265520,5599055.0
147,20190412,267790,12277247.0
68,20190221,268600,12741300.0
79,20190311,268600,16767558.0
194,20190823,268600,22010253.0
240,20191101,268600,25822448.0
226,20191105,268600,23802518.0
120,20190306,269620,34202201.0
135,20190327,269620,61472496.0
193,20190620,269620,80356925.0
216,20190723,269620,101924468.0
27,20190124,270870,11404633.0
28,20190125,270870,13297621.0
57,20190313,270870,13236008.0
60,20190318,270870,17327942.0
141,20190404,272290,295688.0
109,20190218,275630,4816009.0
112,20190221,275630,6851146.0
236,20191119,277070,14168034.0
88,20190115,277410,20814386.0
238,20191121,277410,51895390.0
133,20190521,285490,5846779.0
139,20190529,285490,8888491.0
142,20190603,285490,11681340.0
190,20190809,285490,11800860.0
46,20181218,288620,4615425.0
47,20181219,288620,6494269.0
233,20191015,288620,9609619.0
245,20191031,288620,15373143.0
182,20190604,289080,41259103.0
49,20190222,290120,60167389.0
51,20190226,290120,66756883.0
101,20190510,290120,76974568.0
115,20190226,290270,5888015.0
189,20190614,290270,15083657.0
209,20190712,290270,23103114.0
87,20190114,290380,45881524.0
163,20190508,290380,52262183.0
235,20190916,290380,28390580.0
202,20191022,290550,32553492.0
96,20190326,290650,9990576.0
241,20191025,290740,9292972.0
81,20191010,293780,6150972.0
122,20191206,293780,12357262.0
122,20191206,293780,12357262.0
190,20190617,297570,13617546.0
52,20190312,298380,66365664.0
194,20191007,298380,111714867.0
214,20191105,298380,121347599.0
157,20191010,299660,9871019.0
175,20191105,299660,13866481.0
52,20191002,300080,18386959.0
157,20190426,303030,9742405.0
160,20190502,303030,12376872.0
161,20190503,303030,19679250.0
188,20190613,303030,35581314.0
215,20190722,303030,38083144.0
243,20191029,303030,63234143.0
244,20191030,303030,76729690.0
191,20190910,307160,9991517.0
188,20190930,307180,11194174.0
26,20190701,307930,47634596.0
33,20190710,307930,50974926.0
34,20190711,307930,57012451.0
40,20190719,307930,65750019.0
103,20191023,307930,103354073.0
131,20191202,307930,103911411.0
23,20190711,308100,9164768.0
51,20191107,311390,21225799.0
53,20191111,311390,32145907.0
55,20191017,313760,9004797.0
53,20190719,317320,89641635.0
54,20190722,317320,99975681.0
56,20190724,317320,104781472.0
32,20190909,317850,55561280.0
33,20190910,317850,69401209.0
34,20190911,317850,78268692.0
85,20191127,317850,83109395.0
22,20190903,318000,33680936.0
26,20190909,318000,48870682.0
2,20190604,321260,20324724.0
111,20190220,900040,92632558.0
115,20190226,900040,168532579.0
148,20190415,900040,290211171.0
84,20190109,900100,66698384.0
121,20190307,900100,138351921.0
123,20190311,900100,158212434.0
145,20190410,900100,193505441.0
147,20190412,900100,253325837.0
245,20190930,900100,300095547.0
246,20191001,900100,378627123.0
229,20191008,900100,352471207.0
147,20190412,900110,103172049.0
111,20190220,900250,50998719.0
113,20190222,900250,98995202.0
159,20190430,900250,283116578.0
160,20190502,900250,335392135.0
163,20190508,900250,393607972.0
192,20190619,900250,447713630.0
212,20190717,900250,585545788.0
222,20190731,900250,590875029.0
109,20190218,900260,41617883.0
110,20190219,900260,78727430.0
113,20190222,900260,119277273.0
181,20190603,900260,236854462.0
197,20190626,900260,264740738.0
113,20190222,900270,119027855.0
115,20190226,900270,208603400.0
147,20190412,900270,271622085.0
228,20190808,900270,361515593.0
230,20190812,900270,392025613.0
243,20190830,900270,488025236.0
229,20191108,900270,434761302.0
113,20190222,900280,93158351.0
115,20190226,900280,122526118.0
229,20191108,900280,123824659.0
227,20190902,900290,21569414.0
243,20190830,900310,60590329.0
227,20190902,900310,78668566.0
226,20191105,900310,132295189.0
54,20190222,900340,16571766.0
55,20190225,900340,48314977.0
133,20190619,900340,153405151.0
184,20190830,900340,203206627.0
185,20190902,900340,247332220.0
210,20191011,900340,331381438.0
229,20191108,900340,385273631.0
230,20191111,900340,409796802.0
237,20190822,950130,7454780.0
146,20190411,950160,2186691.0
115,20190226,950170,4129601.0
116,20190227,950170,6790837.0
